{
  "employerSpecs": [
    {
      "weeks": 4,
      "nightworkforce": 8,
      "eveningworkforce": 16,
      "dayworkforce": 40,
      "daySK": 16,
      "eveningSK": 8,
      "nightSK": 8
    }
  ],
  "workers": [
    {
      "id": 1,
      "onoma": "XRHSTOS",
      "epwnimo": "TERZENIDHS",
      "wres": 60
    },
    {
      "id": 2,
      "onoma": "KWSTAS",
      "epwnimo": "AUGHTIDHS",
      "wres": 70
    },
    {
      "id": 3,
      "onoma": "BASILH",
      "epwnimo": "KALOGIROU",
      "wres": 75
    },
    {
      "id": 4,
      "onoma": "SIMOS",
      "epwnimo": "TSAKANIAS",
      "wres": 67
    },
    {
      "id": 5,
      "onoma": "STAVROS",
      "epwnimo": "PAPANASTASIOU",
      "wres": 56
    },
    {
      "id": 6,
      "onoma": "THANOS",
      "epwnimo": "BAXEVANHS",
      "wres": 60
    },
    {
      "id": 7,
      "onoma": "GIWRGOS",
      "epwnimo": "PAPANASTASIOU",
      "wres": 60
    },
    {
      "id": 8,
      "onoma": "PASHALIS",
      "epwnimo": "BAXEVANIDHS",
      "wres": 60
    }
  ]
}