{
  "employerSpecs": [
    {
      "weeks": 1,
      "nightworkforce": 8,
      "eveningworkforce": 16,
      "dayworkforce": 40
    }
  ],
  "workers": [
    {
      "id": 1,
      "onoma": "MAKIS",
      "epwnimo": "MAKIS",
      "wres": 60
    },
    {
      "id": 2,
      "onoma": "MITSOS",
      "epwnimo": "MITSOS",
      "wres": 55
    },
    {
      "id": 3,
      "onoma": "MANOS",
      "epwnimo": "MANOS",
      "wres": 65
    },
    {
      "id": 4,
      "onoma": "name",
      "epwnimo": "name",
      "wres": 50
    }
  ]
}